{
    "teacher_resnet50": {
        "checkpoint": "outputs/models/teacher_resnet50.pth",
        "accuracy": 0.9834567901234568,
        "loss": 0.05306113951919991,
        "latency_ms": 7.378358840942383,
        "size_mb": 90.056
    },
    "student_resnet18": {
        "checkpoint": "outputs/models/student_resnet18.pth",
        "accuracy": 0.974320987654321,
        "loss": 0.09024891534337291,
        "latency_ms": 2.5164175033569336,
        "size_mb": 42.73
    },
    "pruned_model": {
        "checkpoint": "outputs/models/pruned_model.pth",
        "accuracy": 0.9753086419753086,
        "loss": 0.07510590297204477,
        "latency_ms": 2.5133323669433594,
        "size_mb": 42.729
    },
    "distilled_model": {
        "checkpoint": "outputs/models/distilled_model.pth",
        "accuracy": 0.9849382716049383,
        "loss": 0.048887840056860886,
        "latency_ms": 2.5464582443237305,
        "size_mb": 42.729
    },
    "qat_model": {
        "checkpoint": "outputs/models/quantized_model.pth",
        "accuracy": 0.9832098765432099,
        "loss": 0.06240409063152325,
        "latency_ms": 2.5330352783203125,
        "size_mb": 42.729
    }
}